[{"title":"Welcome to the Public Notes","content":"<h2>Note Body<\/h2><p>This is a <strong>sample<\/strong> note with markdown and embed support.<\/p><pre><code>console.log('Hello!');<\/code><\/pre>","thumbnail":"https:\/\/via.placeholder.com\/150","tags":["welcome","sample","intro"],"category":"General","slug":"welcome-to-the-public-notes"},{"title":"Using Markdown and Code","content":"<pre><code class='language-js'>function test() {\n  return true;\n}<\/code><\/pre>","thumbnail":"https:\/\/via.placeholder.com\/150\/0000FF\/FFFFFF?text=Code","tags":["markdown","code","dev"],"category":"Development","slug":"using-markdown-and-code"}]